transaction_amount,hour_of_day,merchant_category,card_age_months,foreign_transaction,velocity_last_hour,is_fraud
24.39,6,8,21,1,12,0
90.68,14,7,69,1,13,0
500.43,1,4,110,0,18,0
89.38,10,2,52,0,19,0
85.69,14,8,73,0,15,0
111.27,7,4,1,0,16,0
239.92,7,4,27,1,9,0
134.01,4,5,39,0,2,0
45.83,16,1,77,0,7,0
5.59,11,5,90,1,13,0
39.94,16,7,65,1,8,0
659.97,11,8,57,0,1,0
93.05,8,6,3,0,16,0
24.31,13,3,76,1,11,0
138.1,8,2,110,1,18,0
225.72,21,5,29,0,19,0
79.29,2,8,104,1,15,0
64.37,10,3,19,1,0,0
413.84,13,9,71,1,18,0
14.73,4,2,48,0,5,0
217.36,1,3,108,1,19,1
42.39,3,3,106,0,11,0
350.83,13,5,85,0,17,1
755.86,4,6,85,1,10,0
60.99,17,6,116,1,2,0
189.29,16,2,54,1,12,1
52.36,9,7,82,1,12,0
176.61,18,4,2,0,5,0
71.9,14,5,107,0,10,0
332.18,20,6,43,0,18,0
307.12,21,4,70,1,1,0
5.92,16,3,41,0,12,0
32.95,2,1,16,1,15,0
29.25,17,3,11,1,11,0
163.46,3,9,21,1,0,0
310.45,8,3,116,0,15,0
16.21,1,8,17,1,10,0
12.49,19,1,31,0,19,0
110.3,5,3,47,0,8,0
21.44,3,1,94,0,7,0
62.39,22,8,32,1,19,0
174.26,18,8,19,1,13,0
118.66,17,0,32,0,6,0
598.16,14,6,103,1,5,0
121.05,17,2,89,0,0,0
6.4,23,2,71,0,16,0
57.9,16,6,6,0,19,1
291.83,10,9,97,1,15,0
300.07,15,2,34,1,2,1
17.4,14,2,32,1,8,0
137.6,15,4,78,0,16,0
119.15,2,3,100,1,17,0
155.59,12,8,72,0,18,0
303.48,13,3,100,1,12,0
24.94,9,4,106,0,13,0
274.27,22,3,67,1,13,1
118.86,13,9,4,0,15,0
19.28,8,3,27,1,15,0
67.98,3,4,3,0,8,0
147.93,1,8,95,1,18,0
807.54,5,2,29,1,6,0
66.28,7,9,43,0,14,0
123.13,9,4,55,1,14,0
124.26,23,7,46,1,10,0
301.7,0,9,18,1,13,0
57.95,21,9,15,0,8,0
558.87,2,5,13,1,18,1
20.71,16,6,69,1,0,1
254.98,23,4,7,0,6,0
109.17,16,0,16,1,8,0
45.38,20,7,17,1,9,0
65.55,12,3,74,0,17,0
21.12,12,2,110,1,2,0
63.69,1,0,99,0,11,0
36.09,6,3,6,0,7,0
102.59,9,2,76,1,13,0
170.18,12,0,35,1,9,0
84.34,15,9,77,1,14,1
4.74,17,1,32,1,11,0
76.22,2,1,89,0,15,0
1039.79,4,6,43,1,9,1
167.82,16,6,68,1,3,0
71.49,11,4,45,0,18,0
341.43,0,7,25,1,18,0
62.79,5,2,8,0,5,0
108.27,20,8,95,1,10,0
6.0,9,1,109,0,16,0
78.2,0,6,62,1,18,0
66.94,20,5,106,0,19,1
120.05,19,0,85,1,7,0
35.8,0,2,102,0,10,0
21.3,17,6,42,1,14,0
105.96,4,9,40,1,5,1
323.52,1,9,60,1,9,0
15.72,8,3,52,1,0,0
350.27,0,5,60,1,5,0
72.8,9,7,111,1,10,0
179.91,10,2,7,0,0,0
62.02,9,4,79,0,8,0
421.38,2,4,29,1,10,0
169.75,23,1,103,1,15,0
41.69,2,3,74,1,14,1
125.01,9,3,89,0,1,0
368.21,2,2,79,0,6,0
140.62,15,6,104,1,2,0
509.27,3,8,46,0,4,0
39.47,6,9,50,1,3,1
10.08,18,1,117,1,9,0
78.18,12,2,72,1,12,0
254.8,19,4,63,0,13,1
135.28,15,5,13,1,10,0
61.38,1,9,53,1,8,0
3.35,21,7,100,1,15,0
146.82,1,5,87,1,18,0
2.48,11,4,42,1,4,0
292.9,3,2,22,1,1,0
41.01,2,1,105,1,2,0
223.94,12,5,10,1,9,0
124.82,5,1,92,1,9,0
67.99,2,6,106,0,4,0
163.48,6,2,74,1,18,0
24.16,1,8,64,0,6,0
67.2,2,2,24,0,1,0
208.41,1,1,111,0,11,0
235.43,22,3,66,0,13,0
260.4,14,8,93,1,13,1
64.13,17,0,116,0,0,0
276.81,11,1,49,0,3,0
246.15,19,8,103,0,17,0
85.61,17,1,43,0,19,0
99.43,18,0,29,0,17,0
86.96,23,6,48,1,13,0
221.18,4,1,110,0,10,0
624.8,2,3,33,1,7,0
270.89,3,1,10,1,4,1
97.21,16,9,98,1,18,0
341.56,0,1,40,1,12,0
189.67,6,3,41,0,15,1
331.18,10,9,119,1,11,0
153.16,21,5,6,1,4,0
178.65,18,5,114,1,10,0
23.84,5,0,30,1,8,0
66.11,8,6,94,0,12,0
35.77,3,4,90,1,6,0
80.72,2,6,118,1,9,0
191.06,21,7,35,0,0,0
7.88,8,6,116,1,13,0
110.64,23,7,84,0,13,0
241.1,8,7,63,1,4,0
128.85,5,8,81,0,0,0
23.71,7,7,20,0,17,0
16.22,13,1,32,0,11,0
116.99,5,9,40,0,17,1
52.97,8,2,37,0,2,0
171.26,17,0,80,1,5,0
273.47,0,0,118,0,7,1
97.23,12,0,21,1,7,0
23.98,19,0,14,0,11,0
127.46,22,9,40,1,15,0
177.33,3,6,30,1,10,0
82.14,1,3,68,0,4,0
374.25,16,0,77,1,16,1
343.23,1,3,93,1,0,0
44.52,20,5,109,0,18,0
266.24,15,9,79,0,17,0
52.93,10,6,10,1,2,0
291.31,12,3,10,1,8,1
196.21,8,5,43,1,14,0
89.76,15,7,75,1,18,0
143.57,10,8,80,1,16,0
3.71,15,9,68,1,11,0
126.39,11,0,8,1,6,0
81.97,3,8,83,0,4,0
74.47,3,5,100,0,19,0
27.46,21,3,87,0,5,0
25.29,0,1,25,0,15,0
7.64,7,2,29,0,12,0
85.03,3,3,63,0,9,0
45.8,12,4,55,0,2,0
38.26,19,1,83,0,7,0
299.63,18,7,27,0,3,0
72.94,13,1,35,1,12,0
104.56,11,1,113,1,16,0
315.85,18,6,87,0,5,0
144.67,7,9,66,0,18,0
55.54,16,8,74,1,2,0
200.56,4,9,35,1,16,0
2.48,0,3,52,0,13,0
241.79,15,6,77,0,6,0
12.92,20,6,60,0,15,0
73.16,4,8,78,1,16,0
10.8,13,5,63,1,4,0
385.99,19,5,11,0,8,0
97.52,18,2,28,0,0,0
207.56,12,6,72,0,16,0
180.76,15,6,78,0,2,0
28.46,18,2,77,0,14,0
94.21,18,3,15,1,17,0
1.88,11,6,4,0,17,0
283.91,18,0,87,1,12,0
172.45,21,1,83,1,12,0
7.47,17,3,7,1,16,0
140.89,3,1,79,1,3,0
284.85,15,7,8,0,10,0
213.81,22,3,79,0,13,1
3.77,2,5,12,1,0,0
119.14,4,8,85,0,0,0
5.25,23,0,52,0,9,0
95.33,8,6,108,0,16,0
197.06,14,4,25,1,7,1
16.35,16,5,60,1,14,0
101.16,20,1,40,1,11,0
120.75,7,2,6,1,17,1
61.06,9,3,37,1,10,1
37.45,16,5,6,0,18,0
171.41,10,7,54,0,13,0
153.52,7,7,65,0,1,1
5.14,0,3,61,0,19,0
0.29,17,0,97,0,10,0
133.42,15,4,12,0,19,1
165.41,21,7,19,1,6,1
0.83,20,0,81,0,5,0
36.0,3,7,67,1,9,0
101.66,20,1,110,1,16,0
103.73,16,2,62,0,5,0
181.67,21,0,5,0,12,0
151.0,20,9,21,1,0,0
125.55,16,4,21,0,19,0
175.35,9,9,99,1,17,0
74.61,23,1,17,0,1,0
93.92,0,5,5,0,12,0
116.14,8,8,108,1,1,0
331.4,23,9,65,0,3,0
56.46,9,1,2,1,6,0
263.44,22,0,46,0,10,0
70.36,12,0,107,1,17,0
133.54,2,7,45,0,10,0
166.24,2,2,12,1,18,0
82.69,19,3,58,0,1,0
65.52,1,3,103,1,0,0
27.03,18,6,110,0,4,0
2.48,12,9,118,0,19,0
84.09,0,2,95,0,14,0
323.75,2,1,39,0,14,0
137.42,5,1,78,0,14,0
6.86,20,3,48,1,10,0
76.93,5,7,83,0,19,0
131.07,16,7,36,0,17,0
160.18,4,7,8,0,2,0
20.47,15,6,72,0,1,0
5.59,17,2,13,0,5,0
187.8,10,5,116,0,6,0
253.95,18,3,82,1,12,0
50.21,23,9,105,0,12,0
8.58,4,4,115,0,1,0
469.42,3,8,41,1,12,0
50.17,11,5,2,0,16,0
97.05,16,1,4,1,6,0
16.03,8,2,46,1,12,0
272.11,15,5,111,0,10,1
84.99,4,6,57,1,1,0
419.68,17,9,79,1,10,0
2.95,4,2,107,1,7,0
374.03,17,3,70,1,15,0
44.92,20,2,53,1,3,0
130.98,15,6,64,0,14,0
151.61,13,7,19,0,1,0
268.49,21,5,9,1,19,0
243.07,2,5,29,0,10,0
37.74,4,6,17,1,2,0
86.3,12,2,86,1,3,0
25.34,2,2,106,1,16,0
227.87,10,4,2,0,19,0
6.54,0,4,31,0,10,0
339.38,4,8,38,0,6,0
41.15,5,8,52,0,5,0
89.84,8,8,112,1,13,0
126.85,9,0,78,0,14,0
548.18,12,8,103,1,19,1
52.05,7,7,49,0,3,0
59.69,8,5,3,1,3,1
257.2,9,7,29,0,6,0
167.25,21,9,100,1,18,0
6.04,18,7,1,1,16,0
191.59,23,3,85,1,17,0
1087.13,15,8,26,0,18,1
84.16,17,6,49,1,3,0
2.88,12,6,104,1,17,0
175.49,20,5,97,0,3,0
66.11,14,7,77,0,14,0
54.63,1,4,8,1,2,0
108.75,20,8,22,1,1,0
342.08,7,5,33,1,19,0
23.76,10,4,26,1,4,0
38.59,15,2,47,1,12,0
148.78,6,5,93,1,18,1
11.05,14,8,75,1,7,0
87.59,10,8,4,1,8,0
198.38,17,6,31,0,19,0
182.85,11,8,11,1,16,0
251.01,19,2,68,0,13,0
435.82,1,7,68,1,5,1
257.45,12,3,114,0,2,0
507.55,10,2,117,0,4,0
1.46,16,9,114,0,13,0
56.35,9,2,85,1,13,0
238.63,4,6,1,0,7,0
17.3,4,2,108,0,16,0
9.46,21,8,34,1,6,0
159.46,7,5,71,1,2,0
15.66,6,5,81,1,8,0
236.05,2,3,10,0,1,0
21.72,23,8,98,0,14,0
0.48,14,2,10,0,17,0
29.01,6,9,113,0,4,0
257.91,18,0,84,1,8,0
88.14,8,9,117,0,18,0
115.49,20,8,75,0,5,0
67.17,20,1,3,0,17,0
266.1,2,6,47,1,14,0
254.45,1,6,99,1,17,0
687.57,12,5,91,0,2,1
295.99,6,2,59,0,13,0
60.97,10,6,16,0,17,1
97.13,18,7,29,1,6,1
24.43,15,5,19,0,2,0
138.68,11,8,117,0,1,0
92.53,0,1,62,1,17,0
162.55,8,3,43,1,9,1
211.7,7,7,20,1,19,0
75.47,14,7,34,0,8,0
25.71,14,5,61,0,12,0
17.15,2,7,89,0,5,1
355.6,22,7,2,0,4,0
37.55,20,9,75,0,15,0
126.79,3,7,62,0,13,0
180.33,9,8,63,1,4,0
518.09,14,5,36,1,0,0
41.01,16,2,95,1,10,1
72.78,11,2,89,0,5,1
115.43,22,5,54,0,0,0
78.29,22,9,68,0,11,0
72.31,6,3,72,1,15,1
23.98,17,4,28,1,7,0
82.81,11,5,112,1,15,1
76.73,11,1,37,1,17,0
22.85,6,8,43,1,3,0
78.75,10,3,108,0,14,1
163.29,22,5,106,0,13,0
238.58,19,9,39,0,4,0
318.09,11,6,97,1,12,0
424.54,9,5,28,0,8,0
1.09,5,5,57,1,6,0
20.53,15,1,85,1,16,0
159.64,7,3,58,1,13,0
54.37,13,6,67,0,7,0
174.41,8,2,97,1,18,1
214.91,3,2,17,0,7,0
255.62,11,3,11,0,4,0
295.0,12,5,104,0,11,0
449.05,5,6,93,1,9,1
91.53,9,0,5,1,0,0
99.57,2,2,69,1,17,1
109.07,18,7,52,1,18,0
36.82,10,7,3,0,14,0
78.85,20,2,98,0,11,0
254.8,16,5,34,0,1,0
61.24,16,4,79,0,18,0
417.77,12,4,33,0,11,1
125.53,4,8,90,1,13,0
41.2,5,6,58,1,14,0
54.5,5,2,40,0,10,0
272.14,23,2,33,0,3,0
33.77,5,0,17,1,2,0
8.1,20,2,22,0,11,0
3.54,16,1,16,0,4,0
77.27,7,5,101,0,15,0
5.33,11,2,33,0,2,0
9.96,15,4,59,0,13,0
13.04,1,6,53,1,0,0
116.54,2,4,95,1,10,0
42.25,5,0,89,0,11,0
183.49,2,6,51,1,7,0
42.3,2,8,79,1,18,0
112.78,14,7,61,0,19,0
261.78,6,7,31,0,16,0
14.93,14,3,8,0,17,1
334.83,2,2,55,0,19,0
191.98,11,5,55,0,4,0
121.09,18,0,80,0,5,0
147.57,10,4,20,0,7,0
165.38,8,9,75,1,15,1
441.95,6,5,92,0,8,0
16.36,20,3,13,1,19,0
166.19,4,1,45,0,17,0
80.54,21,3,99,0,17,1
159.69,14,9,80,0,17,0
159.58,19,3,24,1,15,0
127.76,5,6,111,1,19,0
21.17,16,4,111,1,4,0
51.52,6,1,97,1,19,0
537.29,2,0,106,0,3,0
49.99,10,9,6,0,18,0
135.57,17,2,72,0,13,0
166.15,6,3,72,1,9,0
87.2,3,6,20,0,13,0
183.75,20,2,109,0,16,0
96.2,10,6,83,1,3,0
186.16,19,1,59,0,13,1
76.13,22,8,16,1,15,0
262.38,15,7,102,0,5,1
255.66,6,0,25,1,9,0
39.56,3,2,83,0,19,0
24.19,20,0,65,0,17,0
271.88,1,0,9,0,9,0
22.86,20,7,88,1,10,1
40.44,16,6,68,1,17,0
390.64,19,2,109,0,6,0
248.23,16,1,58,1,12,0
71.41,11,0,20,1,0,0
27.88,5,2,37,0,10,0
418.94,12,5,64,0,7,0
3.72,9,8,105,1,5,0
268.44,15,1,75,0,18,0
29.02,3,8,10,0,5,0
1.85,19,1,113,0,15,0
244.38,10,9,47,1,0,0
208.09,21,3,70,0,18,0
116.22,5,8,104,0,14,1
37.53,2,1,103,0,14,0
37.83,12,5,37,1,11,0
761.28,15,2,14,0,11,0
88.48,10,4,84,0,6,0
101.32,9,2,101,1,14,0
248.5,7,9,93,0,1,0
921.04,1,2,59,0,2,1
56.34,16,8,45,0,10,0
9.25,0,5,83,1,7,0
127.71,15,8,43,1,6,0
157.6,1,9,109,1,5,0
57.35,18,9,14,1,18,1
938.5,4,3,17,0,9,0
174.51,13,1,19,0,3,0
5.91,4,3,11,1,3,0
134.31,5,5,31,1,1,1
1.72,2,4,33,1,5,0
81.91,12,9,105,1,18,0
140.69,17,5,49,0,9,0
174.72,7,3,35,0,3,0
190.54,17,3,97,1,18,0
668.16,1,5,3,0,14,0
138.75,6,5,58,0,15,0
128.08,20,4,5,1,5,0
45.72,11,3,23,1,6,0
117.21,16,2,29,1,19,0
89.1,3,5,57,1,8,0
7.14,10,9,24,0,17,0
257.51,3,2,114,0,4,0
468.53,16,5,6,1,4,0
152.38,1,1,104,0,4,0
96.36,10,0,53,0,15,0
174.9,22,3,79,0,1,0
103.75,9,7,17,1,19,0
364.74,10,0,66,0,8,0
162.4,11,0,114,0,0,0
291.36,16,6,112,1,3,0
21.92,19,7,69,0,4,0
335.75,6,9,98,1,5,0
10.31,4,8,85,0,10,0
44.77,2,6,85,1,16,1
39.63,2,7,12,1,5,0
84.27,9,0,107,0,3,0
55.75,13,9,59,1,13,0
286.76,4,6,69,1,3,1
172.31,20,8,93,1,8,0
7.29,21,4,116,0,18,0
158.53,3,5,93,1,2,0
73.63,10,8,16,1,6,0
94.47,22,4,44,0,5,0
453.28,23,3,19,0,8,0
338.84,18,7,10,0,12,0
225.93,8,5,81,0,18,1
17.44,0,9,83,1,16,0
471.7,20,7,42,1,16,0
67.38,16,6,79,0,1,0
168.08,13,5,71,1,4,1
824.33,10,2,12,1,12,1
15.96,12,1,105,0,9,0
172.26,11,8,94,1,17,0
55.86,23,4,41,0,17,0
116.08,14,2,43,1,6,0
289.39,9,4,63,1,9,1
180.87,14,0,77,1,8,1
71.62,20,9,31,0,11,0
65.16,22,0,113,1,13,0
169.42,0,4,82,1,5,1
675.47,21,5,63,1,7,0
83.92,4,5,38,1,19,0
105.57,11,2,119,1,1,1
0.26,15,6,114,0,7,0
8.69,6,4,2,0,6,0
80.32,7,3,25,0,0,0
144.57,1,0,26,1,17,0
369.31,0,6,51,0,3,0
26.08,22,6,59,0,12,0
504.72,8,4,63,0,6,0
50.78,18,6,105,0,3,0
82.36,14,1,101,0,5,0
0.58,12,8,31,1,2,0
240.86,13,9,46,1,10,0
472.26,5,1,98,1,1,1
75.17,17,9,113,0,15,0
43.16,3,6,14,0,3,0
264.62,22,7,89,1,13,0
82.58,22,0,23,0,17,0
97.84,4,7,1,1,18,0
59.62,14,8,24,1,1,0
132.64,3,7,49,1,5,0
373.27,21,1,90,1,8,0
320.64,4,7,34,0,12,0
21.39,13,2,65,1,0,0
142.21,21,7,111,1,15,1
14.7,4,4,33,0,13,0
280.8,8,9,113,1,11,0
20.77,23,4,21,0,9,0
52.67,17,8,84,1,12,0
218.11,4,6,77,0,8,0
52.85,12,2,72,0,10,0
16.71,9,8,85,0,5,0
162.76,12,8,50,1,17,0
192.63,19,7,33,1,7,0
330.51,13,3,45,1,13,0
73.02,1,9,28,1,13,0
136.74,5,3,116,0,17,0
71.81,13,0,32,1,8,0
50.45,8,5,23,1,5,0
41.11,18,0,46,0,6,0
336.39,9,4,51,1,6,1
175.62,20,1,58,1,4,0
61.25,13,0,98,0,12,0
93.75,16,6,98,0,0,0
175.0,1,2,13,0,10,0
565.05,11,4,54,1,1,0
51.84,7,4,9,0,4,0
10.31,2,3,44,1,10,0
346.77,7,5,40,0,17,0
231.47,0,4,38,1,16,0
32.91,2,6,107,0,10,0
22.08,13,8,96,0,15,0
134.97,21,7,52,1,7,0
91.25,21,8,113,0,12,0
233.48,17,0,39,0,12,0
433.29,3,9,83,1,15,0
9.3,8,0,110,0,2,0
33.31,8,8,98,1,2,0
664.67,1,0,25,0,0,0
167.13,1,1,69,1,3,0
163.49,14,2,116,0,11,0
39.61,1,6,2,0,11,0
55.87,12,0,50,1,9,0
226.69,13,0,85,0,18,0
81.95,21,4,107,1,2,0
280.93,7,9,87,1,7,0
52.25,22,5,68,0,8,1
13.9,22,1,89,0,10,0
48.37,21,2,96,1,3,0
378.15,21,6,76,1,13,1
50.22,16,5,40,1,5,0
325.05,23,7,88,1,13,1
564.18,1,9,101,1,12,0
66.9,2,9,63,0,1,0
45.78,9,6,95,0,17,0
177.52,1,0,21,0,18,1
121.59,14,4,76,1,9,0
653.43,0,2,113,0,7,0
162.41,3,0,31,0,4,0
238.87,10,0,16,0,6,0
65.1,7,9,64,0,6,0
43.94,15,2,112,1,4,0
45.8,21,9,11,0,5,0
172.35,18,0,71,0,3,0
178.28,7,6,88,1,16,0
158.71,2,6,28,1,16,0
230.58,20,1,33,1,0,0
112.62,15,7,108,0,17,0
53.24,17,9,92,0,16,0
76.05,16,2,109,1,12,1
161.62,20,1,8,0,7,0
390.3,10,7,47,0,17,0
224.47,21,4,27,0,1,0
78.62,13,1,117,1,16,0
476.27,4,0,87,0,2,1
62.56,14,8,74,1,3,0
141.23,8,2,104,1,19,0
43.01,9,5,25,1,18,0
11.19,22,0,91,1,14,0
37.41,4,4,59,1,14,0
17.08,19,8,77,1,9,0
307.89,23,7,112,0,12,0
15.17,1,1,55,1,7,0
337.71,6,6,69,0,1,0
158.49,5,1,93,1,11,0
457.58,10,8,93,1,2,0
353.29,6,0,57,1,3,0
128.77,6,4,105,1,18,0
74.43,6,8,69,1,12,0
14.73,14,3,103,0,19,0
32.01,23,3,50,0,1,0
44.9,14,5,106,0,6,1
86.3,5,4,85,0,16,0
390.56,9,5,103,1,19,1
82.95,23,2,82,1,8,0
257.5,19,3,16,0,10,0
31.62,15,1,5,1,3,0
191.59,17,9,20,1,2,0
1.42,15,8,38,1,10,0
157.21,23,3,48,1,6,0
334.29,22,7,44,0,19,0
52.8,4,8,45,0,8,0
215.65,16,6,62,1,8,0
55.62,23,8,86,0,2,0
101.84,17,9,65,0,10,0
34.34,4,4,50,1,16,0
84.43,13,8,83,1,0,0
116.43,7,7,46,0,13,0
120.48,20,7,85,0,5,0
913.23,20,4,111,1,8,0
8.19,0,5,42,1,0,0
67.8,2,3,10,1,0,0
95.37,22,0,11,0,18,0
199.73,23,2,35,1,15,0
262.21,6,8,70,0,9,1
95.98,1,3,69,0,8,0
273.41,23,2,93,1,5,0
99.99,11,6,28,1,14,0
117.7,4,9,112,0,2,0
121.55,14,7,105,1,5,0
171.53,14,5,64,1,5,0
640.79,15,1,28,0,13,0
89.61,16,5,80,1,18,0
757.11,14,0,81,0,2,1
18.53,13,3,24,1,4,0
44.21,3,4,45,1,15,0
33.02,21,4,92,0,8,0
495.58,13,7,34,1,0,1
129.19,7,6,33,1,6,0
53.45,7,6,52,0,1,0
123.5,6,9,26,0,19,0
51.03,6,1,21,1,1,0
18.37,1,0,78,0,12,0
127.34,1,0,11,0,15,0
101.76,11,5,36,1,14,0
141.4,18,6,89,1,11,0
28.76,9,2,75,1,18,0
306.37,23,8,22,0,16,0
30.35,17,3,101,0,10,0
120.3,17,2,9,1,11,1
100.65,9,6,67,1,8,0
75.51,16,1,72,1,9,0
434.66,13,5,49,0,5,1
198.06,19,4,63,1,3,0
30.67,13,1,41,1,18,0
53.72,11,5,95,1,0,0
138.68,2,5,68,0,7,0
362.74,5,8,28,0,4,1
58.89,2,5,88,1,0,1
28.98,15,0,26,0,12,0
46.08,11,3,59,0,2,0
10.49,12,1,26,0,16,0
293.83,16,5,7,1,2,1
45.34,12,3,104,0,15,0
24.28,6,9,15,1,0,0
2.16,12,3,15,1,1,0
57.7,18,7,70,1,19,1
500.89,0,4,50,1,11,1
410.51,11,5,74,0,11,0
59.38,9,1,43,0,1,0
292.87,5,7,15,0,3,0
583.12,5,7,54,0,14,0
62.37,6,8,4,1,19,0
110.59,23,8,42,1,18,0
133.86,15,8,56,0,16,0
85.63,17,2,53,1,18,0
34.86,1,2,12,1,14,0
152.6,14,1,23,1,1,0
32.57,9,5,80,0,14,0
458.02,4,6,35,1,15,0
148.42,3,3,40,1,11,0
102.02,23,4,31,0,11,0
171.28,5,2,101,1,4,0
299.73,6,9,1,1,16,0
98.15,7,3,78,1,17,0
293.46,0,3,69,1,12,0
217.85,11,2,92,0,17,1
388.72,16,0,49,1,17,0
56.55,12,5,29,1,18,1
89.98,16,8,42,1,0,0
25.94,6,7,118,0,17,0
218.2,0,5,30,0,3,0
54.66,20,9,52,1,15,0
449.76,4,2,99,1,11,1
199.43,19,3,1,0,0,1
18.27,10,6,59,1,10,0
29.24,19,9,37,0,4,0
111.81,8,9,110,1,1,0
299.74,13,1,47,0,17,1
159.49,11,0,80,1,19,0
291.01,5,1,60,1,0,0
84.99,21,9,81,1,15,0
77.96,6,6,102,1,19,0
5.12,22,3,85,0,11,1
37.6,5,2,21,0,7,0
791.56,9,1,41,0,4,0
376.34,10,7,115,1,18,0
298.26,19,5,42,0,16,0
192.64,9,8,10,1,15,0
159.78,20,9,32,0,7,0
27.58,7,4,17,1,18,0
126.83,15,6,102,0,1,1
47.86,9,1,9,1,5,0
3.45,11,5,34,1,13,0
73.06,16,3,116,1,14,0
895.32,23,0,116,0,12,0
42.85,16,6,117,1,1,0
66.44,11,1,93,0,2,0
278.31,23,1,68,1,0,1
54.57,12,3,14,1,12,0
31.2,14,0,58,0,10,0
43.14,15,7,94,0,13,0
159.85,15,2,11,1,5,0
54.65,1,1,19,1,15,0
230.78,2,2,37,0,10,0
306.88,4,3,26,0,3,0
49.38,20,6,53,1,7,0
131.62,11,6,98,1,14,0
44.78,0,1,43,0,18,0
87.74,5,9,10,1,4,1
40.56,20,1,27,0,12,0
11.58,21,7,51,0,17,0
159.78,0,6,8,1,9,0
87.61,3,3,46,1,6,1
459.96,8,8,1,0,0,1
132.04,12,7,104,1,17,0
163.99,3,2,8,0,6,0
171.17,18,5,50,0,11,0
26.15,10,8,40,0,15,0
75.63,4,9,118,1,13,0
141.23,13,4,83,0,14,0
61.73,14,2,35,0,4,0
105.16,23,9,102,1,8,0
26.01,14,9,118,0,11,0
39.06,9,1,31,0,17,0
236.97,21,8,95,0,13,0
511.77,4,6,53,0,6,0
36.59,22,6,88,1,7,0
60.84,15,1,78,0,6,0
223.78,16,9,67,0,14,0
390.77,16,8,79,0,9,0
41.67,8,6,33,0,14,1
34.23,20,2,2,1,2,0
153.27,17,6,118,1,9,0
7.04,16,5,49,0,10,0
104.79,1,5,63,1,8,0
162.5,21,6,71,0,15,0
170.61,21,7,49,1,17,0
74.55,7,2,74,1,11,0
254.09,13,5,49,0,12,0
67.91,19,8,87,0,10,0
114.68,6,4,45,1,4,0
103.7,16,5,55,0,10,0
140.56,17,0,2,1,19,0
164.06,11,2,56,0,8,0
102.64,23,2,22,1,9,0
562.23,9,5,72,0,1,0
133.63,10,4,75,0,8,0
241.71,22,1,73,1,3,0
238.97,18,2,38,1,11,0
264.92,1,1,68,0,12,1
99.29,21,8,29,0,2,0
136.63,22,0,15,1,2,0
143.61,15,8,5,1,1,0
334.05,9,8,13,0,10,1
75.94,19,2,117,1,8,0
18.61,6,2,1,1,1,0
46.82,15,3,54,0,11,0
31.01,18,7,78,0,5,0
62.65,23,5,51,1,17,0
98.87,10,8,104,1,13,0
89.39,23,6,72,1,11,0
589.84,17,9,8,0,7,0
368.61,16,3,21,1,13,0
160.89,11,0,48,0,16,0
147.14,5,0,41,1,19,1
184.53,2,4,16,1,4,0
115.94,13,9,27,1,3,0
213.39,4,4,22,0,1,0
97.83,11,8,5,1,0,1
333.64,16,1,22,0,15,0
32.75,5,7,101,0,6,0
259.6,17,9,39,1,0,0
35.36,18,1,29,1,14,0
379.85,22,4,41,0,2,0
112.2,19,2,87,1,2,0
77.26,7,4,4,1,5,0
41.92,16,8,111,0,19,0
249.78,22,5,105,1,4,0
146.27,1,5,107,1,2,0
47.32,12,5,58,1,10,0
202.71,10,6,64,1,6,0
229.11,12,8,4,1,16,0
13.86,6,7,98,1,11,0
33.49,20,2,21,0,19,0
267.42,10,8,15,1,1,1
89.98,12,2,9,1,9,0
92.8,10,8,48,0,17,1
247.61,5,0,68,1,1,0
187.5,10,3,53,1,17,0
45.0,13,4,31,1,3,0
569.31,10,3,41,1,5,0
52.06,22,0,35,0,10,0
39.46,3,8,77,0,19,0
4.59,9,4,9,0,14,0
181.73,6,1,111,1,2,1
8.26,19,0,28,1,5,0
308.6,9,0,90,0,10,1
182.1,8,8,83,1,2,0
201.4,16,6,68,1,11,1
5.12,20,3,100,0,9,0
172.26,0,2,65,0,19,1
29.98,7,1,26,0,15,0
65.22,5,4,33,1,10,0
266.45,8,1,18,0,15,0
39.01,6,9,42,0,10,0
3.95,10,2,7,1,2,0
115.19,6,0,115,1,13,1
48.04,17,1,118,0,13,0
90.08,14,3,100,0,7,0
68.33,12,0,84,0,12,0
221.26,2,7,73,0,11,1
28.88,10,6,105,1,19,0
155.37,10,9,4,1,0,0
138.78,10,7,45,1,10,0
850.83,19,9,79,1,2,0
88.88,21,2,90,1,5,0
322.57,0,4,49,0,12,0
145.81,12,2,83,1,18,0
394.66,9,8,90,1,4,0
90.17,20,1,72,0,8,0
147.07,2,2,25,1,12,0
35.72,4,9,40,0,14,0
169.2,22,5,118,1,8,0
295.57,17,6,26,1,7,0
365.16,16,2,8,1,19,1
81.5,5,7,13,0,3,0
34.83,5,8,55,0,4,0
793.37,8,8,12,0,15,1
100.89,5,1,26,1,3,0
177.59,17,1,117,0,15,0
25.05,9,5,27,0,7,0
205.26,2,6,42,0,3,0
266.03,3,4,107,0,3,0
86.48,3,6,5,1,15,0
134.35,22,0,111,1,6,0
4.48,9,0,4,1,14,1
76.92,20,6,32,1,13,1
281.1,16,3,59,0,13,0
73.31,13,2,113,0,7,0
188.23,2,1,52,0,15,0
179.94,9,4,52,0,4,0
63.2,20,8,16,0,10,0
13.66,2,9,103,1,2,0
52.26,5,7,93,1,15,0
57.0,21,6,3,0,1,1
336.53,1,4,33,1,10,1
37.26,9,8,21,0,12,0
15.89,19,2,111,1,4,0
41.07,19,9,55,0,2,0
30.1,10,0,88,0,8,0
142.67,18,2,105,1,10,1
380.58,23,7,30,1,17,0
90.89,11,8,59,1,1,0
480.31,8,3,34,0,16,0
64.59,18,7,75,1,16,1
369.48,16,1,3,0,10,0
325.49,9,0,20,1,5,1
309.33,20,0,111,1,15,0
50.47,15,2,22,0,14,0
11.62,23,7,100,1,13,1
175.76,4,2,101,1,9,0
131.18,1,0,21,0,7,0
146.22,13,8,102,0,19,0
95.71,14,4,47,0,1,0
88.86,18,7,107,1,18,0
82.86,16,6,51,0,19,0
87.23,4,3,29,0,10,0
156.12,21,4,64,1,3,0
328.17,16,5,4,0,15,0
247.9,8,6,6,0,8,0
84.09,20,8,103,1,11,1
28.87,18,3,111,0,4,0
228.43,9,8,40,0,18,0
117.92,5,3,16,1,2,0
139.99,2,1,50,1,10,0
21.33,19,4,91,0,15,0
9.01,12,4,84,0,15,0
113.28,9,8,113,0,18,0
402.32,6,7,92,0,10,1
131.28,3,0,88,0,8,0
176.7,23,5,48,0,1,0
17.64,15,8,48,0,11,0
247.39,7,9,83,0,15,1
56.98,22,1,97,1,7,0
127.79,20,7,107,0,11,1
23.24,5,7,65,1,10,1
164.86,2,1,31,1,9,0
201.08,23,4,36,0,3,1
134.03,20,9,54,1,17,0
101.61,20,2,82,0,13,0
60.15,20,7,52,0,8,0
343.36,11,4,107,1,11,0
122.54,2,2,66,1,2,0
18.15,0,6,6,1,8,0
59.85,10,3,68,1,13,0
384.7,10,4,50,0,19,0
244.88,14,6,60,1,9,0
12.97,20,2,94,1,12,0
146.58,17,6,50,1,4,0
124.16,12,9,44,1,1,0
67.95,3,6,50,0,4,0
355.33,18,1,88,1,3,1
191.04,9,3,75,0,11,0
51.34,9,4,108,1,10,0
257.89,16,6,27,0,3,0
78.27,6,3,7,0,2,0
412.04,21,6,25,1,14,0
18.83,4,1,81,0,6,0
52.85,19,9,70,1,19,0
221.54,13,1,68,1,19,1
90.84,8,0,80,1,7,1
119.25,4,2,113,1,0,0
135.46,10,1,109,0,9,0
175.83,9,0,36,0,8,1
338.46,8,6,62,1,13,0
23.73,12,1,44,1,3,0
31.57,21,2,69,0,11,0
29.82,7,4,61,1,8,0
111.8,17,0,32,1,2,0
26.79,11,5,81,0,14,0
75.98,0,9,71,0,12,0
66.04,11,0,104,1,5,0
394.42,14,3,74,1,17,0
135.4,22,2,6,0,8,1
131.36,22,2,119,0,11,0
38.91,8,9,43,1,4,0
21.84,12,5,90,0,13,0
217.12,7,3,82,0,12,0
146.11,2,7,97,0,10,0
58.94,19,9,93,1,2,0
40.33,15,3,119,1,4,0
71.27,22,5,105,0,15,1
69.73,5,1,8,0,11,0
68.34,23,2,104,1,9,0
42.56,23,9,78,1,16,0
67.92,13,8,15,1,12,0
105.91,21,8,56,1,4,0
139.99,16,0,35,0,17,0
162.78,5,1,110,1,11,1
58.86,20,3,21,1,15,1
97.57,15,9,118,0,2,0
208.21,21,2,7,0,5,1
8.22,17,2,23,1,1,0
253.74,8,3,116,1,0,0
219.79,13,7,107,1,6,0
12.33,20,1,27,1,11,0
21.46,9,4,78,0,18,0
91.23,17,3,40,0,5,0
118.0,6,6,42,1,2,1
60.25,20,0,61,1,10,0
9.05,19,5,53,1,18,0
13.79,22,6,117,0,15,0
114.41,9,7,66,1,5,0
198.22,22,0,110,0,1,0
111.4,15,1,12,0,18,0
147.45,12,7,112,1,4,0
232.64,12,0,46,0,3,0
158.03,14,9,88,1,7,0
4.33,7,8,33,0,1,0
392.12,2,6,50,1,19,0
317.73,20,1,46,1,1,0
59.97,22,1,110,0,17,0
107.89,5,3,114,0,4,0
59.43,23,7,31,1,8,0
328.28,7,4,7,1,8,0
27.76,3,7,29,1,19,0
101.25,2,0,6,1,17,1
27.25,14,2,42,0,13,0
83.53,19,2,88,1,18,0
172.24,20,2,115,1,16,1
93.56,8,5,6,0,14,0
12.39,2,9,60,0,4,0
219.05,7,3,50,1,14,0
32.59,20,6,112,0,3,0
492.18,17,1,18,1,12,0
412.04,22,2,82,0,12,1
153.79,7,9,27,0,16,1
6.96,14,9,31,1,18,0
187.02,5,7,27,1,2,0
16.12,22,1,47,0,16,0
12.6,21,7,85,0,0,0
168.17,15,5,114,0,15,1
149.2,9,5,35,0,18,0
146.49,17,5,61,0,5,0
329.39,4,3,18,1,12,0
44.56,10,2,7,0,19,0
1.06,7,2,38,1,7,0
57.8,20,7,41,1,2,0
162.95,0,5,72,0,12,0
128.99,19,2,30,0,3,0
46.91,9,0,88,1,5,0
13.81,22,1,97,1,15,0
31.05,16,4,93,0,12,0
99.33,1,8,9,0,5,0
292.85,2,9,36,1,2,0
49.83,0,2,27,1,16,0
85.32,5,1,94,0,14,0
1.29,7,8,15,1,12,0
48.04,7,0,36,0,5,0
261.24,23,5,79,1,18,0
101.12,12,5,116,1,11,0
8.0,1,6,55,0,6,0
77.54,16,7,15,1,11,0
53.19,23,6,10,0,16,0
41.82,21,2,58,0,1,0
73.25,7,1,14,1,8,0
45.08,2,6,36,1,12,1
13.29,23,8,39,0,17,0
175.89,2,5,66,1,0,0
86.77,5,9,19,1,18,0
428.97,6,8,41,0,7,0
134.67,0,7,58,1,18,0
6.2,22,9,105,0,6,1
142.05,11,2,13,0,7,1
185.51,0,6,5,1,15,1
85.87,13,3,90,0,0,0
13.56,22,3,39,1,6,0
177.96,22,0,43,0,16,0
115.34,7,8,67,0,0,0
28.62,23,1,38,1,14,0
27.37,16,2,19,1,0,0
109.17,19,3,74,0,15,0
246.83,21,8,97,1,1,0
60.52,2,4,22,0,0,0
31.91,20,1,49,0,14,0
68.11,16,3,47,1,4,0
45.22,6,7,78,0,4,0
161.26,12,1,34,1,12,1
65.1,0,9,9,0,7,0
32.06,16,2,74,0,1,0
214.68,4,1,117,1,17,1
118.51,21,0,119,0,18,0
159.31,17,2,5,0,11,0
1.86,14,6,49,1,4,0
153.51,16,0,4,0,12,0
110.29,17,3,83,1,13,0
102.81,1,8,58,0,7,0
100.48,14,7,118,0,18,0
58.66,17,3,53,1,9,1
28.27,7,3,88,1,9,0
13.33,17,8,3,1,3,0
429.89,22,2,44,0,14,1
155.7,19,6,115,0,13,0
0.24,3,9,48,1,13,0
195.91,1,9,105,1,2,0
149.88,14,0,93,0,17,0
239.44,4,1,31,0,19,0
86.23,17,4,58,0,17,0
170.86,19,5,41,1,11,0
877.42,8,6,84,1,10,1
64.59,8,3,106,0,19,0
51.01,19,6,51,1,18,0
219.71,21,1,40,0,19,1
29.47,2,7,119,1,5,0
82.66,2,5,100,0,16,0
475.0,10,0,51,1,2,1
341.36,16,6,31,1,9,0
73.97,6,8,22,0,13,0
12.63,20,0,74,0,3,0
129.24,0,8,29,0,10,1
82.33,5,4,26,1,11,0
1.52,15,7,29,1,1,0
141.94,3,8,70,1,4,0
3.57,13,0,77,0,6,0
41.96,9,5,90,1,15,0
85.9,21,5,24,1,5,0
30.98,11,4,117,1,5,0
14.13,16,8,8,1,0,0
251.85,5,4,21,1,5,0
94.72,14,9,4,1,17,0
41.14,8,1,79,0,16,1
33.98,11,6,75,1,1,0
208.54,18,0,80,1,13,0
205.51,19,0,84,1,3,0
98.98,17,1,43,1,3,0
457.58,4,9,92,1,10,0
159.44,23,3,59,0,15,0
56.75,3,3,7,1,0,0
136.9,16,4,23,0,15,0
322.94,14,1,31,1,19,0
82.55,9,8,93,0,2,0
191.48,13,6,1,0,18,0
84.27,2,8,95,0,13,0
167.8,7,1,85,1,9,0
35.08,23,1,16,0,3,0
61.6,12,1,79,0,1,0
142.95,22,1,42,0,5,0
139.01,19,5,9,1,9,0
42.87,20,2,91,0,3,0
123.14,20,0,96,0,3,0
10.28,0,1,100,0,6,0
97.5,12,7,31,1,7,0
68.55,11,7,28,1,4,0
111.3,21,9,16,0,10,0
241.33,18,2,40,0,12,0
215.15,1,9,68,1,19,0
213.62,17,6,47,1,8,0
76.5,22,7,9,1,5,0
210.5,7,8,40,1,19,1
164.88,9,5,103,0,7,0
52.13,2,9,39,1,0,0
1.73,12,2,46,0,5,0
164.9,9,1,54,0,13,0
717.99,22,5,100,1,3,0
28.75,21,1,21,0,9,0
122.74,8,9,1,0,18,0
444.23,10,2,32,0,19,1
139.92,12,8,75,1,10,1
234.05,4,7,62,0,12,0
232.43,0,6,39,0,6,0
45.99,21,1,68,1,17,0
148.01,2,5,80,1,1,0
39.69,9,9,93,1,7,0
102.58,8,5,81,1,11,0
241.83,6,1,115,1,3,0
65.46,10,1,59,0,1,0
12.49,8,4,12,1,7,0
169.45,8,9,21,0,5,0
218.92,23,2,17,1,16,0
88.84,6,4,2,0,6,0
67.27,13,6,89,0,8,0
268.75,12,3,51,1,16,0
144.57,5,4,15,1,17,1
18.93,21,7,116,1,9,0
37.49,1,6,22,0,12,0
19.08,14,0,45,0,3,0
203.98,11,8,72,0,12,0
166.51,2,5,13,0,14,0
275.12,15,4,33,0,14,0
340.75,2,7,64,1,3,0
258.26,5,4,17,0,13,0
253.41,21,3,112,1,5,0
191.73,0,5,45,0,18,0
78.88,1,9,106,0,5,0
132.22,15,4,5,0,19,0
128.61,22,5,91,0,4,0
261.09,0,9,103,1,14,0
43.78,14,0,44,1,11,0
137.59,23,2,23,1,10,1
56.73,7,2,109,0,7,0
98.05,9,0,103,1,16,0
91.92,3,6,16,0,15,0
181.27,17,0,119,0,18,1
108.3,8,2,40,1,12,0
104.47,23,0,31,1,12,0
299.41,23,4,46,0,11,0
43.12,16,7,111,0,9,0
100.26,2,3,91,0,1,0
538.99,16,2,101,0,15,1
137.55,12,4,84,1,3,1
110.78,19,1,102,1,18,1
34.9,1,5,39,1,18,0
369.21,2,6,24,1,3,0
17.94,21,4,9,1,16,1
21.65,7,8,21,0,2,0
75.82,19,6,49,0,11,0
44.46,10,0,34,0,19,0
102.93,5,9,38,1,0,0
352.18,18,4,37,1,12,0
334.63,15,3,21,0,17,0
349.41,14,7,18,1,12,0
72.76,3,4,2,1,18,0
264.36,9,3,12,0,13,0
17.36,23,0,3,0,14,0
126.3,14,4,84,0,18,0
118.28,20,6,59,1,19,0
53.75,21,4,25,1,17,0
0.65,4,7,93,0,4,0
320.13,14,2,35,1,18,0
275.76,17,9,90,0,3,0
60.11,18,0,41,0,12,0
34.41,7,0,45,1,7,0
195.82,18,6,99,1,1,1
70.92,15,5,55,0,6,0
19.46,13,8,100,0,1,0
201.37,0,6,1,1,3,0
91.25,18,1,113,0,8,1
201.17,22,3,106,1,18,0
117.28,9,6,93,0,10,0
33.02,5,8,28,0,8,0
16.69,2,0,114,0,19,0
152.14,23,3,17,1,4,0
203.02,21,1,83,1,0,0
75.56,18,2,38,1,3,0
149.85,3,7,99,0,7,0
140.17,2,0,36,0,16,1
172.83,14,4,33,0,15,0
82.02,20,7,35,0,6,0
486.58,19,0,74,0,19,1
33.82,23,9,102,1,7,0
51.53,22,7,99,0,16,0
287.54,6,5,31,1,4,0
32.76,12,5,119,0,4,0
190.29,19,0,86,1,7,0
78.55,5,2,58,0,6,0
64.89,4,8,54,1,9,0
139.36,16,9,111,1,7,1
89.56,20,6,21,0,9,0
3.44,23,9,86,1,12,0
44.2,16,3,86,0,1,0
181.24,1,4,110,0,9,0
4.67,5,2,14,0,13,0
14.12,18,7,115,1,16,0
70.39,13,2,20,0,18,0
318.53,1,3,52,0,14,0
133.89,13,9,87,1,14,0
112.31,19,3,99,0,4,0
186.93,1,8,32,1,13,0
335.85,8,5,98,0,11,1
205.88,3,4,93,0,1,1
21.03,4,7,29,0,18,0
48.71,20,0,48,1,1,1
255.01,12,1,101,1,10,0
16.72,1,8,62,0,18,0
74.14,10,4,84,1,1,0
464.54,8,0,75,0,9,0
15.47,2,4,58,1,11,0
269.36,4,2,116,0,6,0
551.95,21,3,83,0,1,0
199.0,2,3,87,0,1,0
115.22,20,3,52,1,1,1
387.99,23,3,109,1,4,0
42.6,7,0,6,0,19,0
182.74,18,9,96,1,11,0
0.97,23,5,19,1,12,1
4.58,14,3,82,1,6,0
31.46,17,4,80,0,15,0
288.36,8,8,68,1,6,0
7.35,17,3,109,0,15,0
20.66,20,1,78,0,10,0
28.88,14,7,69,1,2,0
68.38,11,5,102,0,19,0
66.57,6,1,66,1,6,0
297.2,15,4,51,0,6,0
88.95,16,9,74,1,12,0
11.17,18,0,19,0,11,0
122.67,16,0,38,0,18,0
134.27,6,7,69,1,13,0
62.46,17,7,97,0,4,0
280.77,5,4,65,0,19,0
15.97,5,1,107,1,13,1
5.16,0,0,77,0,9,0
79.77,7,2,55,1,12,0
11.95,14,4,54,1,7,0
151.5,6,9,115,1,4,0
86.45,15,1,43,0,10,0
67.75,19,0,77,1,9,0
314.76,21,6,89,1,4,0
563.81,11,0,100,0,15,0
4.1,6,1,28,1,19,1
94.87,12,3,9,0,11,0
70.87,9,0,116,0,2,0
43.57,10,8,26,1,10,0
138.02,6,5,72,1,5,1
97.4,21,9,99,1,2,0
8.65,14,4,36,0,7,0
93.48,19,0,114,1,7,0
4.16,20,8,112,1,16,0
66.38,2,8,13,0,13,0
85.98,18,1,34,1,5,0
51.41,2,6,45,1,5,0
183.53,6,2,101,1,3,0
97.57,16,3,46,0,5,0
150.39,21,7,117,0,11,1
206.91,16,0,115,1,13,0
287.97,9,1,109,1,9,0
286.47,22,8,20,0,11,0
67.65,0,0,116,0,3,0
10.95,8,5,28,1,17,0
59.81,5,3,111,1,4,0
35.26,9,8,101,1,14,0
7.54,4,8,7,0,9,0
1.25,2,0,85,1,19,0
113.91,4,3,80,1,5,0
31.9,20,6,113,0,17,0
196.9,21,2,28,1,15,0
443.43,4,3,61,1,18,0
109.85,19,9,109,1,11,0
167.88,17,7,71,0,14,0
332.3,22,3,95,1,3,1
95.8,5,4,2,0,18,0
81.22,23,6,35,0,4,0
187.68,4,9,3,1,7,0
19.14,1,4,30,0,4,0
132.59,14,4,104,1,16,0
135.0,18,1,104,1,0,0
228.56,23,2,23,1,17,0
93.16,0,3,109,1,19,0
400.82,17,5,17,1,9,0
0.22,0,5,52,1,6,0
72.31,0,0,91,0,11,0
33.35,16,1,8,1,6,0
411.26,6,9,20,0,4,1
12.0,12,0,51,1,10,0
159.99,4,5,57,0,16,0
45.86,20,0,113,0,15,0
281.44,5,1,115,1,3,0
106.87,13,4,77,1,5,0
149.81,0,8,89,1,17,0
89.21,10,2,9,1,4,0
283.81,21,8,39,1,9,0
58.84,7,5,55,1,16,0
34.43,16,2,11,1,11,0
32.49,6,3,7,0,19,0
278.32,1,6,49,1,6,0
99.63,7,2,73,1,1,1
465.17,5,6,75,0,1,0
378.43,19,8,52,0,3,0
76.77,17,9,4,1,8,0
313.68,1,5,29,1,5,0
203.37,21,1,17,1,9,0
414.41,11,5,59,0,16,0
26.44,3,0,92,0,5,0
723.94,12,6,50,1,2,0
185.79,2,9,41,0,0,0
237.56,15,4,102,0,8,0
354.11,3,1,78,1,14,0
48.59,11,6,73,0,8,0
285.44,13,7,4,1,5,0
85.28,7,1,1,1,5,0
154.4,8,4,17,1,8,0
10.09,2,9,117,0,3,0
74.4,23,2,36,1,1,0
90.33,1,5,10,0,3,0
120.99,21,3,108,0,5,0
56.86,0,4,1,1,17,0
101.47,14,8,71,0,4,0
14.77,18,3,101,0,19,0
366.7,13,9,117,0,5,0
226.22,6,2,64,1,19,0
57.29,5,0,82,0,8,0
35.91,11,0,33,0,6,0
30.9,23,9,50,1,18,0
3.02,17,8,102,0,8,0
25.82,18,7,97,1,8,0
124.54,2,4,117,0,4,0
12.65,14,0,15,1,3,0
33.86,17,5,9,1,15,0
116.04,17,4,12,0,14,0
324.15,22,5,1,1,10,1
175.7,14,1,47,1,9,0
198.76,7,5,92,1,3,0
102.05,14,9,72,1,0,0
114.53,9,2,97,0,6,0
336.46,18,8,116,0,14,1
181.77,22,3,59,0,4,0
50.6,22,4,116,1,4,0
167.14,17,6,103,1,7,1
198.27,13,1,58,0,2,0
29.37,9,9,17,0,17,0
132.53,4,4,6,1,2,0
0.81,4,8,94,0,9,0
56.3,15,1,48,0,16,0
110.12,3,7,22,0,18,0
35.82,21,2,13,0,5,0
303.34,21,4,27,1,7,0
187.17,15,0,79,0,7,0
52.54,3,8,20,1,10,0
136.1,1,7,61,0,8,0
404.45,18,1,35,1,18,0
243.08,18,6,90,1,8,0
280.37,12,9,74,0,3,0
505.91,23,2,71,0,2,0
131.17,23,6,8,1,5,1
292.73,12,3,14,0,3,0
194.2,3,9,100,1,3,0
247.66,11,4,119,1,8,0
89.39,21,8,49,1,6,0
247.04,15,3,43,0,13,1
243.46,2,3,18,0,5,0
81.89,22,7,56,1,12,0
0.43,12,8,99,0,10,0
210.66,15,7,6,0,6,0
123.7,17,4,94,0,12,0
357.51,16,7,64,1,7,0
37.15,14,2,81,1,7,0
121.32,11,7,116,0,0,0
422.08,0,8,12,1,16,0
252.86,6,0,55,1,4,0
23.7,1,8,104,1,15,0
134.7,15,9,70,1,9,0
95.21,8,3,81,0,1,0
127.95,6,9,14,1,0,0
636.13,18,0,36,0,12,0
163.27,23,8,70,0,14,0
206.1,17,2,88,1,1,0
32.26,4,5,87,1,4,0
79.51,7,4,51,1,15,0
82.96,8,5,10,0,16,0
130.71,20,0,45,1,2,0
128.26,15,1,118,1,13,0
61.39,4,9,85,0,12,0
55.7,14,7,14,1,2,0
157.7,17,2,117,0,0,0
187.57,13,1,92,0,12,0
161.06,17,1,61,0,5,0
284.96,22,1,24,0,6,1
106.25,15,5,32,0,19,0
78.75,5,6,29,1,18,0
13.62,16,4,96,0,12,1
53.45,3,2,41,1,19,0
71.72,21,8,116,1,13,0
114.15,20,3,35,1,19,0
299.97,21,3,29,1,13,0
222.34,6,4,45,0,7,0
161.45,7,4,36,0,17,0
27.6,7,9,13,0,5,0
56.79,9,3,36,0,5,0
282.19,19,4,48,1,5,0
54.0,6,9,73,1,12,0
85.46,6,8,105,1,1,0
69.56,2,4,41,0,15,0
128.61,8,1,75,1,1,0
35.5,11,7,3,1,7,1
100.66,10,7,48,1,2,0
82.7,14,8,3,1,16,0
13.82,3,7,3,1,4,0
430.05,9,9,54,0,14,1
90.04,14,2,64,0,10,0
188.43,22,9,22,1,14,0
169.47,6,7,79,1,0,0
208.08,17,1,104,1,6,0
161.86,9,1,1,1,2,0
33.46,18,4,2,1,0,0
26.14,18,5,110,0,18,0
126.61,22,6,30,0,18,0
212.58,21,4,83,1,13,0
110.38,9,1,54,1,13,0
50.36,5,6,15,0,2,0
355.51,1,6,73,0,13,0
144.05,18,3,11,1,14,0
98.14,18,3,69,0,1,1
21.73,17,2,6,0,16,0
28.6,11,5,53,0,13,0
164.47,22,1,93,1,8,0
207.03,11,6,31,1,19,1
110.62,1,5,119,1,13,0
28.28,10,7,39,0,0,0
63.36,7,7,118,1,12,1
298.81,8,8,31,0,14,0
82.13,8,2,41,0,17,0
159.63,16,3,60,0,1,1
441.2,18,4,74,0,9,1
219.51,20,3,94,0,4,0
2.91,20,2,36,1,10,0
108.9,16,6,47,0,11,0
206.01,7,0,51,0,16,0
22.67,7,7,25,1,0,0
92.26,3,1,42,1,16,0
223.07,0,5,52,1,6,0
32.88,23,8,2,0,11,0
2.45,17,0,94,1,4,0
59.19,21,7,54,1,3,0
29.36,0,9,44,1,11,0
18.77,0,0,81,0,12,0
150.23,11,4,68,1,1,0
11.26,12,0,73,0,12,0
210.76,3,3,60,0,10,1
138.5,6,8,87,1,16,1
61.87,8,4,64,1,19,1
95.03,13,7,33,1,11,1
53.65,18,7,11,1,3,0
226.59,6,9,23,1,15,0
15.87,8,7,62,0,4,0
69.55,17,7,50,1,13,0
380.44,8,9,109,0,3,0
35.46,22,9,64,1,11,0
414.73,10,9,35,1,0,0
16.46,10,3,12,0,16,0
5.93,7,5,10,0,2,0
522.51,0,5,96,0,15,0
68.82,15,8,73,1,19,1
